{
  "id": "695bf60d-3e2b-4550-841b-7f378caed2b7",
  "name": "circle_direction",
  "isOverridable": true,
  "entries": [
    {
      "value": "up",
      "synonyms": [
        "circle up",
        "Circle Up",
        "circle Up",
        "circle above",
        "Circle Above"
      ]
    },
    {
      "value": "down",
      "synonyms": [
        "circle down",
        "Circle down",
        "circle below",
        "Circle below"
      ]
    },
    {
      "value": "right",
      "synonyms": [
        "Circle  right",
        "circle right"
      ]
    },
    {
      "value": "left",
      "synonyms": [
        "circlle left",
        "circle Left"
      ]
    }
  ],
  "isEnum": false,
  "automatedExpansion": false
}