{
  "id": "e99e064c-31ab-407b-8faa-4597a9ec83e6",
  "name": "cube_direction",
  "isOverridable": true,
  "entries": [
    {
      "value": "right",
      "synonyms": [
        "cube right of",
        "cube right to",
        "Cube right",
        "Cube Right",
        "cube right"
      ]
    },
    {
      "value": "left",
      "synonyms": [
        "cube left of",
        "Cube left",
        "cube left",
        "cube left to"
      ]
    },
    {
      "value": "up",
      "synonyms": [
        "cube above",
        "Cube above",
        "cube up",
        "Cube up"
      ]
    },
    {
      "value": "down",
      "synonyms": [
        "cube down",
        "Cube down",
        "Cube below",
        "cube below"
      ]
    }
  ],
  "isEnum": false,
  "automatedExpansion": false
}