{
  "id": "d21dd17c-add3-4c3b-9b5a-6a6de03f58d7",
  "name": "cuboid_direction",
  "isOverridable": true,
  "entries": [
    {
      "value": "right",
      "synonyms": [
        "cuboid right",
        "Cuboid right"
      ]
    },
    {
      "value": "left",
      "synonyms": [
        "cuboid left",
        "Cuboid left"
      ]
    },
    {
      "value": "up",
      "synonyms": [
        "cuboid above",
        "cuboid up",
        "Cuboid above",
        "Cuboid up"
      ]
    },
    {
      "value": "down",
      "synonyms": [
        "cuboid down",
        "cuboid below",
        "Cuboid below",
        "Cuboid below"
      ]
    }
  ],
  "isEnum": false,
  "automatedExpansion": false
}