{
  "id": "1f87a0d1-e675-401f-99a4-f7f4f19244e4",
  "name": "hexagon_direction",
  "isOverridable": true,
  "entries": [
    {
      "value": "right",
      "synonyms": [
        "hexagon right",
        "Hexagon right"
      ]
    },
    {
      "value": "left",
      "synonyms": [
        "hexagon left",
        "Hexagon Left"
      ]
    },
    {
      "value": "up",
      "synonyms": [
        "hexagon up",
        "Hexagon Up",
        "hexagon above",
        "Hexagon Above"
      ]
    },
    {
      "value": "down",
      "synonyms": [
        "hexagon down",
        "Hexagon down",
        "hexagon below",
        "hexagon Below",
        "Hexagon Below"
      ]
    }
  ],
  "isEnum": false,
  "automatedExpansion": false
}