{
  "id": "db463872-5c67-46e0-ae8d-73fa3f5256e2",
  "name": "rect_direction",
  "isOverridable": true,
  "entries": [
    {
      "value": "up",
      "synonyms": [
        "rectangle up",
        "Rectangle Up",
        "rectangle above",
        "Rectangle Above"
      ]
    },
    {
      "value": "down",
      "synonyms": [
        "rectangle down",
        "Rectangle down",
        "rectangle below",
        "Rectangle Below",
        "rectangle below"
      ]
    },
    {
      "value": "right",
      "synonyms": [
        "rectangle right",
        "Rectangle Right"
      ]
    },
    {
      "value": "left",
      "synonyms": [
        "rectangle Left",
        "Rectangle left"
      ]
    }
  ],
  "isEnum": false,
  "automatedExpansion": false
}