{
  "id": "f6cf4328-3dcb-4559-bc7c-b1020ea66417",
  "name": "rhombus_direction",
  "isOverridable": true,
  "entries": [
    {
      "value": "up",
      "synonyms": [
        "rhombus up",
        "Rhombus up",
        "rhombus above",
        "Rhombus above"
      ]
    },
    {
      "value": "down",
      "synonyms": [
        "rhombus down",
        "Rhombus Down",
        "rhombus below",
        "Rhombus Below"
      ]
    },
    {
      "value": "right",
      "synonyms": [
        "Rhombus right",
        "rhombus right"
      ]
    },
    {
      "value": "left",
      "synonyms": [
        "rhombus left",
        "Rhombus Left"
      ]
    }
  ],
  "isEnum": false,
  "automatedExpansion": false
}