{
  "id": "4334636c-d966-4107-ac66-0c53e6313416",
  "name": "square_direction",
  "isOverridable": true,
  "entries": [
    {
      "value": "right",
      "synonyms": [
        "Square Right",
        "square right"
      ]
    },
    {
      "value": "left",
      "synonyms": [
        "Square left",
        "square left"
      ]
    },
    {
      "value": "up",
      "synonyms": [
        "square up",
        "square above",
        "square Up",
        "Square  up"
      ]
    },
    {
      "value": "down",
      "synonyms": [
        "Square down",
        "square below",
        "square below",
        "square down"
      ]
    }
  ],
  "isEnum": false,
  "automatedExpansion": false
}