{
  "id": "b0ca1a27-5f0b-4a80-b680-8dab6973cd33",
  "name": "triangle_direction",
  "isOverridable": true,
  "entries": [
    {
      "value": "up",
      "synonyms": [
        "triangle up",
        "Triangle Up",
        "triangle above",
        "Triangle Above"
      ]
    },
    {
      "value": "down",
      "synonyms": [
        "triangle down",
        "triangle Down",
        "triangle below",
        "Triangle Below"
      ]
    },
    {
      "value": "right",
      "synonyms": [
        "triangle right",
        "Triangle Right"
      ]
    },
    {
      "value": "left",
      "synonyms": [
        "triangle left",
        "Triangle  left"
      ]
    },
    {
      "value": "rectangle left",
      "synonyms": [
        "rectangle left"
      ]
    }
  ],
  "isEnum": false,
  "automatedExpansion": false
}